Bank of Baroda,BARB0ZAMPAB,395012034,Zampa Bazar Branch,"Zampa Bazar Branch, Zampa Bazar Main Road, Surat - 395003",1800223344.0,Surat,Surat,Gujarat,
Bank of Baroda,BARB0ZAMABS,233012052,"Zamania, UP","Rly.Station Road, Zamania, Ghazipur, Uttar Pradesh - 232331",1800223344.0,Zamania,Zamania,Uttar Pradesh,
Bank of Baroda,BARB0VASNAB,390012057,"Vasna Road BR., Vadodara, Gujarat","Gf-11/Shivalaya-Ii Near Raneshwar Temple, Vasna Road, Vadodara, Gujarat - 390007",1800223344.0,Vadodara,Vadodara,Gujarat,
Bank of Baroda,BARB0VALLAB,388012002,Vallabh Vidy Branch,"Vallabh Vidy Branch, Nana Bazar, Opp Nalini College, Vallabh Vidyanagar - 388120",1800223344.0,Vallabh Vidyana,Vallabh Vidyana,Gujarat,
Bank of Baroda,BARB0TRABHI,,Transport Nagar,"Orient Arcade, Chittor Road, Transport Nagar, Bhilwara, Rajasthan - 311001",1800223344.0,Bhilwara,Bhilwara,Rajasthan,
Bank of Baroda,BARB0TATABA,641012003,Tatabad Branch,"Tatabad Branch, 10th Street, Tatabad, Coimbatore -12 - 641012",1800223344.0,Coimbatore,Coimbatore,Tamil Nadu,
Bank of Baroda,BARB0TARABA,416012005,"Tarabai Park, Kolhapur, Maharashtra","Sayantara Complex, Ward, Near Vivekanand College, Kolhapur, Maharashtra - 461003",1800223344.0,Taraba,Taraba,Maharashtra,
Bank of Baroda,BARB0STABUL,396012002,Stn RD Bulsa Branch,"Stn RD Bulsa Branch, Opp Town Hall, Bulsar, Bulsar - 396001",1800223344.0,Bulsar,Bulsar,Gujarat,
Bank of Baroda,BARB0STABRO,392012001,Station Road Branch,"Station Road Branch, Near Shalimar Talkies Station Road Bharuch, Bharuch - 392001",1800223344.0,Bharuch,Bharuch,Gujarat,
Bank of Baroda,BARB0SITABU,440012002,Sitabuldi Branch,"Sitabuldi Branch, P.B.No 204 Khullars Chamber Sitabuldi, Sitalbuldi - 440012",1800223344.0,Nagpur,Nagpur,Maharashtra,
Bank of Baroda,BARB0SIKABS,232012055,"Sikanderpur, UP","V.Post Office Sikanderpur, Tehsil Chakia, Chandauli, Uttar Pradesh - 232103",1800223344.0,Sikandarpur,Sikandarpur,Uttar Pradesh,
Bank of Baroda,BARB0SHAHAB,136012102,Shahbad Branch,"Shahbad Branch, Shahbhad Markanda Kurukshetra, Shahabad Markanda - 136135",1800223344.0,Shahbad,Shahbad,Haryana,
Bank of Baroda,BARB0SHABHI,311012200,"Shahpura, Bhilwara","Shahpura, Bhilwara - 311404",1800223344.0,Shahpura,Shahpura,Rajasthan,
Bank of Baroda,BARB0SHABEL,590012003,Shahapur Branch,"Shahapur Branch, 193, Raibagkar Buldg., Near Nath Pai Circle, Shahapur, Belg, Belgaum - 590003",1800223344.0,Belgaum,Belgaum,Karnataka,
Bank of Baroda,BARB0SHABAR,,"Shastri Road, Bardoli, Gj","Ward2, Shastri Road, Bardoli, Near Nilesh Shastri Hospital, Surat, Gujarat - 394601",1800223344.0,Bardoli,Surat,Gujarat,
Bank of Baroda,BARB0SEWABS,221012051,"Sewapuri, Varanasi UP","Sewapuri, Varanasi, UP - 221403",1800223344.0,Varanasi,Varanasi,Uttar Pradesh,
Bank of Baroda,BARB0SEOMAL,,Seoni Malwa,Ward No AB Road Near Central School Banapura Seoni Malwa Hoshangabad Madhya Pradesh - 461223,1800223344.0,Seoni Malwa,Hoshangabad,Madhya Pradesh,
Bank of Baroda,BARB0SARABS,276012052,"Saraimeer, UP","Saraimeer, Azamgarh, Uttar Pradesh - 324212",1800223344.0,Sarai Mir,Sarai Mir,Uttar Pradesh,
Bank of Baroda,BARB0SALABA,395012024,Salabatpura Branch,"Salabatpura Branch, Kohinoor Textile Market, Opp Ram Mandir, Salabatpura Pipa, Surat - 395003",1800223344.0,Surat,Surat,Gujarat,
Bank of Baroda,BARB0SAKABS,232012054,"Sakaldiha, UP","Alinagar Road, Sakaldiha, Chandauli, Uttar Pradesh - 232109",1800223344.0,Sakaldiha,Sakaldiha,Uttar Pradesh,
Bank of Baroda,BARB0SAIDAB,211012534,"Saidabad, Allahabad","Vill. Post Office Saidabad, Allahabad, UP - 221508",1800223344.0,Saidabad,Saidabad,Uttar Pradesh,
Bank of Baroda,BARB0SAHABA,244012051,"Sahabad, UP","Sahabad, Rampur, Uttar Pradesh - 244922",1800223344.0,Shahabad,Shahabad,Uttar Pradesh,
Bank of Baroda,BARB0SADABA,204012501,"Sadabad Branch, Mahamaya Nagar (Hathras), U.P","Jawahar Bazar, Sadabad, Mahamaya Nagar, UP - 281306",1800223344.0,Sadabad,Sadabad,Uttar Pradesh,
Bank of Baroda,BARB0SABOUR,812012505,Sabour Bihar,"Block Chowk, Sabour, Bhagalpur, Bihar - 813210",1800223344.0,Bhagalpur,Bhagalpur,Bihar,
Bank of Baroda,BARB0SABLAX,314012301,"Sabla, Dungarpur, Rajasthan","Sabla, Dungarpur, Rajasthan - 314022",1800223344.0,Sabla,Sabla,Rajasthan,
Bank of Baroda,BARB0SABITP,224012164,"Sabitpur, UP","Vill. P.O.Mudiyari, Sabitpur, Ambedkar Nagar, Uttar Pradesh - 224176",1800223344.0,Sabitpur,Sabitpur,Uttar Pradesh,
Bank of Baroda,BARB0SABHUB,751012003,Samantarapur Branch,"Samantarapur Branch, Lewis Road, Bhubaneswar - 751002",1800223344.0,Bhubaneswar,Bhubaneswar,Odisha,
Bank of Baroda,BARB0SABHAW,,"Sabhawala, Uttarakhand","Bank of Baroda Block Vikas Nagar Vpo Sabhawala Sabhawala, Dehradun - 248197",1800223344.0,Vikas Nagar,Vikas Nagar,Uttarakhand,
Bank of Baroda,BARB0SABARM,380012032,Sabarmati Branch,"Sabarmati Branch, Dharam Nagar Sabarmati Ahmedabad, Ahmedabad - 380005",1800223344.0,Ahmedabad,Ahmedabad,Gujarat,
Bank of Baroda,BARB0RUVABA,,Ruvabari,AT Labda Bhagat Faliya Vil Ruvabari TA Devgar Ariya Dahod DT Gujarat - 389380,1800223344.0,Devgad Baria,Dahod,Gujarat,
Bank of Baroda,BARB0ROHABS,221012024,"Rohania, Varanasi, U.P","G.T.Road, Rohania, Varanasi, Uttar Pradesh - 221108",1800223344.0,Rohania,Rohania,Uttar Pradesh,
Bank of Baroda,BARB0RIKHAB,,"Rikhabdeo, Udaipur, Raj","Near Gram Panchayat, Tehsil Kherwara, Post Office Rikhabdeo, Udaipur, Rajasthan - 313802",1800223344.0,Rikhabdeo,Udaipur,Rajasthan,
Bank of Baroda,BARB0RAWABH,493012504,"Rawabhata, Chhattisgarh","Block No 7, T.P. Nagar, Plot No W/2-22, Rawabhata, Birgaon, Bilaspur Road, Raipur, Chattisgarh - 493221",1800223344.0,Raipur,Raipur,Chandigarh,
Bank of Baroda,BARB0RABAUN,,Rabaun,Subshine Cottage Village Rabaun Solan HP - 173211,1800223344.0,Solan,Solan,Himachal Pradesh,
Bank of Baroda,BARB0RABALE,400012172,"Rabale, Navi Mumbai","51/1 Ttc Industrial Area, Rabale Midc, Navi Mumbai, Maharashtra - 400701",1800223344.0,Mumbai,Mumbai,Maharashtra,
Bank of Baroda,BARB0PURABG,230012515,"Purabgaon, UP","Purabgaon, Pratapgarh, UP - 230301",1800223344.0,Purabgaon,Purabgaon,Uttar Pradesh,
Bank of Baroda,BARB0PURABA,224012058,"Pura Bazar, UP",Vill PO Pura Bazar Faizabad Uttar Pradesh - 224001,1800223344.0,Purabazar,Purabazar,Uttar Pradesh,
Bank of Baroda,BARB0PUNJAB,110012027,Punjabi Baug Branch,"Punjabi Baug Branch, Community Centre, Club Road, Punjabi Bagh, New Delhi - 110026",1800223344.0,New Delhi,New Delhi,Delhi,
Bank of Baroda,BARB0PUCCAB,,Pucca Bagh Hapur UP,"51 Bhagwati Ganj, Swarg Ashram Road, Hapur, Uttar Pradesh - 245101",,Bhagwatiganj,Pratapgarh,Uttar Pradesh,
Bank of Baroda,BARB0PRABHA,400012053,Prabhadevi Branch,"Prabhadevi Branch, Kamana Co-Op Hsg Socy., S.K.Bole Road, Prabhadevi, Mumbai - 400028",1800223344.0,Mumbai,Mumbai,Maharashtra,
Bank of Baroda,BARB0PRABAR,390012010,Pratapnagar Branch,"Pratapnagar Branch, Nr.Alpana Talkies, Pratap Nagar R'D, Baroda - 390004",1800223344.0,Baroda,Baroda,Gujarat,
Bank of Baroda,BARB0PATNAB,800012003,Patna City Branch,"Patna City Branch, At.+Post Office Patnacity, Patna, Bihar, Patna - 800008",1800223344.0,Patna,Patna,Bihar,
Bank of Baroda,BARB0OBRABS,231012002,"Obra, Sonbhadra, Up","Shop No 4-5 Kasturba Market, Obra, Dt.Sonbhadra - 231219",1800223344.0,Sonbhadra,Sonbhadra,Uttar Pradesh,
Bank of Baroda,BARB0NOKHAB,,"Nokha BR., Bikaner","Plot No 30-31, NH No 89, Main Bikaner Road, Opp Babu Chhotu Nath School, Nokha, Bikaner, Rajasthan - 334803",1800223344.0,Bikaner,Bikaner,Rajasthan,
Bank of Baroda,BARB0NAYABA,,Nayabazar,"Opposite Netaji Field, Pota Pokhari, Nayabazar, Cuttack, Orissa - 753004",1800223344.0,Cuttack,Cuttack,Odisha,
Bank of Baroda,BARB0NAWABG,243012517,"Nawabgunj, Bareilly","Main Market, Nawabganj, Bareilly-, UP - 262406",1800223344.0,Nawabganj,Bareilly,Uttar Pradesh,
Bank of Baroda,BARB0NAUWAB,,Nauwabaghfatehpurup,Bank of Baroda 78 AT Ambeshwar Nagar GT Road Nauwabagh Fatehpur UP - 212601,1800223344.0,Fatehpur,Fatehpur,Uttar Pradesh,
Bank of Baroda,BARB0NARABS,231012055,"Narainpur, UP","Narainpur, Mirzapur, Uttar Pradesh - 231305",1800223344.0,Narainpur,Mirzapur,Uttar Pradesh,
Bank of Baroda,BARB0NABIPU,392012502,"Nabipur, Bharuch","Sufi Manjil, Near Railway Station, Nabipur, Bahruch - 392210",1800223344.0,Nabipur,Bharuch,Gujarat,
Bank of Baroda,BARB0NABHAX,147012302,"Nabha, Patiala","Cinema Road, Nabha (Punjab) - 147201",1800223344.0,Nabha,Patiala,Punjab,
Bank of Baroda,BARB0NABARA,,Nabarangpur,"Hotel Manish Building, Nabarangpur, Orissa - 764059",1800223344.0,Nabarangapur,Nowrangpur,Odisha,
Bank of Baroda,BARB0NABAGR,,Nabagram,Amiyo Niketan Naity Road Bagan Para Kanaipur DT Hooghly West Bengal - 712246,1800223344.0,Uttarpara Kotrung,Hugli,West Bengal,
Bank of Baroda,BARB0MAYABA,224012503,"Maya Bazar, UP","Maya Bazar, Faizabad, Uttar Pradesh - 224161",1800223344.0,Maya Bazar,Faizabad,Uttar Pradesh,
Bank of Baroda,BARB0MASABT,500012011,Masabtank-Hyderabad,"6-3-2, Rd.No 1, Banjarahills, Hyderabad",1800223344.0,Hyderabad,Hyderabad Urban,Andhra Pradesh,
Bank of Baroda,BARB0MANDAB,,Mandi Dabwali,Chaudhary Complex Chautala Road Mandi Dabwali Sirsa Haryana - 125104,1800223344.0,Mandi Dabwali,Sirsa,Haryana,
Bank of Baroda,BARB0MAMABH,211012023,Mama Bhanja KA Talab,"Vill Mama Bhanja KA Talab, Post Office Naini, Allahabad Uttar Pradesh - 211008",1800223344.0,Allahabad,Allahabad,Uttar Pradesh,
Bank of Baroda,BARB0MAHABU,,Mahabubnagar,"No BY B, Station Road, Mahabubnagar, Andhra Pradesh - 509001",1800223344.0,Mahbubnagar,Mahbubnagar,Andhra Pradesh,
Bank of Baroda,BARB0MADABS,,Madanpura Varanasi,Madanpura Varanasi - 221001,,Varanasi,Varanasi,Uttar Pradesh,
Bank of Baroda,BARB0LUXABS,221012012,Luxa Road Branch,"Luxa Road Branch, D.52/1, Luxa Road Varanasi, Varanasi - 221001",1800223344.0,Varanasi,Varanasi,Uttar Pradesh,
Bank of Baroda,BARB0LABANX,323012510,"Laban, Rajasthan","Laban, Bundi, Rajasthan - 323603",1800223344.0,Laban,Bundi,Rajasthan,
Bank of Baroda,BARB0KUNJAB,752012506,"Kunjabangarh, Daspalla, Orissa","1St Floor, J.B. Complex, Kunjaban Garh, Nayagarh, Daspalla, Orissa - 752054",1800223344.0,Daspalla,Daspalla,Odisha,
Bank of Baroda,BARB0KOTABA,263012352,"Kotabag BR, Nainital, Uttarakhand","Kotabagh, Nainital, Uttarakhand - 263159",1800223344.0,Kotabagh,Nainital,Uttarakhand,
Bank of Baroda,BARB0KOPABS,272012151,"Kopaganj, UP","Kopaganj, Mau, Uttar Pradesh - 275305",1800223344.0,Kopaganj,Kopaganj,Uttar Pradesh,
Bank of Baroda,BARB0KHABHI,,"Khairabad, Bhilwara, Raj","Shri Balaji Industries, Swaroopganj Choraha, National Highway, Bhilwara, Rajasthan - 311025",1800223344.0,Bhilwara,Bhilwara,Rajasthan,
Bank of Baroda,BARB0KANTAB,,"Kantabanji, Orissa","1St Floor, Radhey Rukmani Complex, Near Annapurna Hotel, Kantabanji, Bolangir, Orissa - 767039",1800223344.0,Kantabanji,Balangir,Odisha,
Bank of Baroda,BARB0KAMABU,203012052,"Kamalpur BR., Bulandshahr, U.P","Kamalpur, Bulandshahr, Uttar Pradesh - 233339",1800223344.0,Kamalpur,Bulandshahr,Uttar Pradesh,
Bank of Baroda,BARB0KALIAB,364012005,"Kaliabid, Gujarat","Plot No CM 450 B, Virani Circle, Sardar Patel School Road, Kaliabid, Post Office Bhavnagar, Bhavnagar, Gujarat - 364002",1800223344.0,Bhavnagar,Bhavnagar,Gujarat,
Bank of Baroda,BARB0KABIRG,262012053,"Kabir Ganj, UP","Kabir Ganj, Pilibhit, Uttar Pradesh - 262904",1800223344.0,Kabirganj,Pilibhit,Uttar Pradesh,
Bank of Baroda,BARB0KABILP,396012069,"Kabilpore, Navsari","Kabilpore (I.E.), 35 Gidc, Via:Navsari Gujarat - 396424",1800223344.0,Kabilpore,Navsari,Gujarat,
Bank of Baroda,BARB0KABARI,208012009,"Kabari Market, Kanpur",122/707 Paras Bhawan Kabri Market Shastri Nagar Kanpur - 208005,1800223344.0,Kanpur,Kanpur Nagar,Uttar Pradesh,
Bank of Baroda,BARB0JORABA,,Jorabagan,43 Neemtala Ghat Street Kolkata Kolkata DT West Bengal - 700006,1800223344.0,Kolkata,Kolkata,West Bengal,
Bank of Baroda,BARB0JHABUA,457012051,Jhabua Main Branch,"Jhabua Main Branch, College Road Jhabua, Jhabua - 457661",1800223344.0,Jhabua,Jhabua,Madhya Pradesh,
Bank of Baroda,BARB0JHABHA,,Jhagadia Gidc,Shivam Enterprise Gidc Near Police Station Dadheda Bharuch Gujarat - 393110,1800223344.0,Dayadra,Bharuch,Gujarat,
Bank of Baroda,BARB0JAFRAB,,"Jafrabad, Up","Bank of Baroda, Vpo Jafrabad, Bindki, Jafrabad, Fatehpur, Uttar Pradesh - 212635",1800223344.0,Bindki,Fatehpur,Uttar Pradesh,
Bank of Baroda,BARB0JABUGA,,"Jabugam, Vadodara, Gujarat","Jabugam, Jetpur, Vadodara, Gujarat - 391155",1800223344.0,Pavi Jetpur,Vadodara,Gujarat,
Bank of Baroda,BARB0JABMIR,231012002,"Mirzapur Main BR, UP","Dankeenganj, Mirzapur, UP - 231001",1800223344.0,Mirzapur,Mirzapur,Uttar Pradesh,
Bank of Baroda,BARB0JABMED,,Jabalpur Medical College,"Jabalpur Medical College, Jabalpur, Madhya Pradesh - 482003",1800223344.0,Jabalpur,Jabalpur,Madhya Pradesh,
Bank of Baroda,BARB0JABALP,482012001,Jabalpur Branch,"33, Napier Town Jabalpur",1800223344.0,Jabalpur,Jabalpur,Madhya Pradesh,
Bank of Baroda,BARB0INDGAN,,"Indra Gandhi Nagar, Raj","1-Sc-72, AB Tower, Indra Gandhi Nagar, Jagatpura, Jaipur, Rajasthan - 302015",1800223344.0,Jaipur,Jaipur,Rajasthan,
Bank of Baroda,BARB0HABRAX,700012063,"Habra, 24 Parganas","Jessore Road, Kamrthuba P.O. Habra, 24 Parganas (North), W.B - 749863",1800223344.0,Habra,North 24 Parganas,West Bengal,
Bank of Baroda,BARB0HABIBG,462012005,Habibagunj Branch,"Habibagunj Branch, Habibganj, Bhopal - 462016",1800223344.0,Bhopal,Bhopal,Madhya Pradesh,
Bank of Baroda,BARB0GULABP,311012101,Gulabpura Branch,"Gulabpura Branch, Gulabpura - 311021",1800223344.0,Gulabpura,Bhilwara,Rajasthan,
Bank of Baroda,BARB0GULABB,854012103,"Gulab Bagh, Purnea, Bihar","AT Po-Gulabagh, Purnea, Bihar - 854326",1800223344.0,Purnea,Purnea,Bihar,
Bank of Baroda,BARB0GABSUL,,Gabharia Crossing,"Gabharia Crossing, Sultanpur, Sultanpur Dt, Uttar Pradesh - 228142",1800223344.0,Sultanpur,Sultanpur,Uttar Pradesh,
Bank of Baroda,BARB0FAIZAB,224012002,Vishnu Market,"Vishnu Market, Motibagh, Faizabad - 224001",1800223344.0,Faizabad,Faizabad,Uttar Pradesh,
Bank of Baroda,BARB0EXTHAB,,"M.P.Housing Board Extension Counter, Bhopal","M.P.Housing Board EC, Bittan Market Bhopal - 462016",1800223344.0,Bhopal,Bhopal,Madhya Pradesh,
Bank of Baroda,BARB0DHABUL,396012536,"Dharampur, Valsad","Prabhu Faliya, Dharampur, Valsad - 396050",1800223344.0,Dharampur,Valsad,Gujarat,
Bank of Baroda,BARB0DABRAX,,Dabra,"Near Bus Stand, Jhansi Road, Gwalior, Madhya Pradesh - 75110",1800223344.0,Dabra,Gwalior,Madhya Pradesh,
Bank of Baroda,BARB0DABMUS,,"Dabhaura Mustkam, Uttaranchal","Vill Dabhaura Mustkam, Post Office Industrial Estate, Kashipur, US Nagar, Uttarakhand - 244713",1800223344.0,Kashipur,Udham Singh Nagar,Uttarakhand,
Bank of Baroda,BARB0DABLAX,311012507,"Dabla, Bhilwara, Rajasthan","Dabla, Tehsil Banera, Bhilwara, Rajasthan - 305626",1800223344.0,Dabla,Bhilwara,Rajasthan,
Bank of Baroda,BARB0DABIXX,323012505,"Dabi, Rajasthan","Dabi, Bundi, Rajasthan - 323022",1800223344.0,Dabi,Bundi,Rajasthan,
Bank of Baroda,BARB0DABHOU,388012512,"Dabhou, Anand, Gujarat","Dabhou, Tal. Sujjtra, Anand, Gujarat - 387210",1800223344.0,Dabhou,Anand,Gujarat,
Bank of Baroda,BARB0DABHOI,391012061,"Dabhoi, Vadodara","Dabhoi, Baroda - 391110",1800223344.0,Dabhoi,Vadodara,Gujarat,
Bank of Baroda,BARB0DABHEL,396012516,"Dabhel, Gujarat","Dabhel, Tal.Jalalpore, Navsari, Bulsar, Gujarat - 396415",1800223344.0,Dabhel,Navsari,Gujarat,
Bank of Baroda,BARB0DABHAU,,"Dabhaura, Up","Dabhaura, Jaitipur, Tehsil Tilhar Post Office Dabhaura, Shahjahanpur, Uttar Pradesh - 242307",1800223344.0,Shahjahanpur,Shahjahanpur,Uttar Pradesh,
Bank of Baroda,BARB0DABHAN,387012502,Dabhan Kheda,"Near Swaminarayan Temple, Dabhan, Khaira-, Gujarat - 387320",1800223344.0,Dabhan,Kheda,Gujarat,
Bank of Baroda,BARB0DABGAN,243012511,"Daboragangapur, Bareilly, UP","Vill. Dabora Gangapur, Bareilly, Uttar Pradesh - 243001",1800223344.0,Dabora Gangapur,Bareilly,Uttar Pradesh,
Bank of Baroda,BARB0DABASA,361012503,"Dabasang, Jamnagar",Near Police Station Lalpur Jamnagar - 361170,1800223344.0,Dabasang,Jamnagar,Gujarat,
Bank of Baroda,BARB0COLABA,400012020,Colaba Branch,"Colaba Branch, Esperanca, S.B.S. Road, Colaba Causeway, Mumbai - 400039",1800223344.0,Mumbai,Greater Mumbai,Maharashtra,
Bank of Baroda,BARB0CMRABS,641012007,Sastri Road Branch,"Sastri Road Branch, 216, Sastri Road, Ramnagar, Coimbator - 641009",1800223344.0,Coimbatore,Coimbatore,Tamil Nadu,
Bank of Baroda,BARB0CHUNAB,400012018,Chunabhatti-Mumbai,"Krishnalaya33 &1/34 Sion Dunkan Causway, Chunabhatti, Mumbai - 400022",1800223344.0,Mumbai,Greater Mumbai,Maharashtra,
Bank of Baroda,BARB0CHITAB,,Chitabaragaon,Chitabaragaon Post Office Chitabaragaon Ballia Uttar Pradesh - 221713,1800223344.0,Chitbaragaon,Ballia,Uttar Pradesh,
Bank of Baroda,BARB0CHHABR,325012027,"Chhabra BR., Baran, Rajasthan","Hill View Colony, Main Road, Dharnawada Choraha, Chabra, Baran, Rajasthan - 325220",1800223344.0,Chhabra,Baran,Rajasthan,
Bank of Baroda,BARB0CHHABA,390012036,Navayard Branch,"Navayard Branch, Indulal Yagnik Trust Bldg., Opp Chhani Naka, Baroda - 390002",1800223344.0,Vadodara,Vadodara,Gujarat,
Bank of Baroda,BARB0CHANAB,,Chanadahandi,"Main Road, Near Block Office, Infront of Busstand, Chandahandi, Nawrangpur, Orissa - 764007",1800223344.0,Chandahandi,Nowrangpur,Odisha,
Bank of Baroda,BARB0BURRAB,700012007,Burrabazar Branch,"Burrabazar Branch, 8/C, Maharshi Debendra Road, Calcutta - 700007",1800223344.0,Kolkata,Kolkata,West Bengal,
Bank of Baroda,BARB0BRABOU,700012006,Brabourn RD. Branch,"Brabourn RD. Branch, 4, Brabourne Road, Calcutta - 700001",1800223344.0,Kolkata,Kolkata,West Bengal,
Bank of Baroda,BARB0BIAORA,,Biaora,Murad Market Old AB Road Biaora Rajgarh Madhya Pradesh - 465674,1800223344.0,Biaora,Rajgarh,Madhya Pradesh,
Bank of Baroda,BARB0BHULAB,400012010,B.D.Road Branch,"B.D.Road Branch, 47, Saraswati Sadan, Bhulabhai Desai Road Vati, Mumbai - 400026",1800223344.0,Mumbai,Greater Mumbai,Maharashtra,
Bank of Baroda,BARB0BHAUAB,,Bahua Bazar,"Post Office Bahua Bazar, Tehsil Nawabgang, Bareilly Uttar Pradesh - 263406",1800223344.0,Nawabganj,Bareilly,Uttar Pradesh,
Bank of Baroda,BARB0BHABRA,457012511,"Bhabra, MP","Main Road, Bhabra Jhabua Bhopal Madhya Pradesh - 457882",1800223344.0,Bhabra,Jhabua,Madhya Pradesh,
Bank of Baroda,BARB0BHABOM,400012007,Bhandup-Mumbai,"Laxmi Chhaya, Ramkrishna Wadi, Bhandup, Mumbai - 78",1800223344.0,Mumbai,Greater Mumbai,Maharashtra,
Bank of Baroda,BARB0BHABIT,243012501,"Bhandsar, Bareilly, UP","Bhandsar, Bareilly, Uttar Pradesh - 243001",1800223344.0,Bhandsar,Bareilly,Uttar Pradesh,
Bank of Baroda,BARB0BHABHU,,"Bhabhua, Kaimur, Bihar","Patel Chowk, Chainpur Road, Bhabhua, Kaimur, Bihar - 821101",1800223344.0,Bhabua,Kaimur,Bihar,
Bank of Baroda,BARB0BHABHI,311012504,"Bhagwanpura, Rajasthan","Bhagwanpura, Bhilwara, Rajasthan - 311032",1800223344.0,Bhagwanpura,Bhilwara,Rajasthan,
Bank of Baroda,BARB0BHABHA,321012002,Bharatpur Branch,"Bharatpur Branch, Nai Mandi, Station Road, Bharatpur, Bharatpur - 322001",1800223344.0,Bharatpur,Bharatpur,Rajasthan,
Bank of Baroda,BARB0BHABAN,755012103,"Bhabaniganj, Jajpur","Bhabaniganj, At Post Office Jajpur Town, Jajpur, Orissa - 755007",1800223344.0,Jajpur Town,Jajpur,Odisha,
Bank of Baroda,BARB0BARRAB,208012032,Barra Byepas Branch,"Barra Byepas Branch, Plot No 55, Chandel Market, Barra-2 - 208027",1800223344.0,Kanpur,Kanpur Nagar,Uttar Pradesh,
Bank of Baroda,BARB0BADABA,,Badabazar,"Venkateswar Temple Road, Badabazar, Brahmapur, Ganjam, Orissa - 760002",1800223344.0,Brahmapur,Ganjam,Odisha,
Bank of Baroda,BARB0BABRAX,365012503,"Babra BR., Amreli, Gujarat","Plot No 9, Bhagwat Para, Near Bus Stand, Opp Govt. Hospital, Rajkot Bhavnagar Highway, Amreli, Gujarat - 365421",1800223344.0,Babra,Amreli,Gujarat,
Bank of Baroda,BARB0BABRAL,243012551,"Tata, Babrala, Budaun","Tcl Complex, Indira Dham, Babrala, Badaun, UP - 242021",1800223344.0,Babrala,Budaun,Uttar Pradesh,
Bank of Baroda,BARB0ANWABS,276012051,"Anwak, UP","Anwak Sirsar, Azamgarh, Uttar Pradesh - 276207",1800223344.0,Avak,Azamgarh,Uttar Pradesh,
Bank of Baroda,BARB0ANPABS,231012151,"Anpara, UP","Anapara, Bairak No B-5-6, Sonebhadra, Uttar Pradesh - 231225",1800223344.0,Anapara,Sonbhadra,Uttar Pradesh,
Bank of Baroda,BARB0AMINAB,226012004,Aminabad Branch,"Aminabad Branch, 443, Ganga Prasad Road, Post Office Box No 227, Aminabad, Lucknow - 226001",1800223344.0,Lucknow,Lucknow,Uttar Pradesh,
Bank of Baroda,BARB0ALIYAB,,"Aliyabada, Gujarat","Near Bus Stand, Aliayabada, Gujarat",1800223344.0,Aliabada,Jamnagar,Gujarat,
Bank of Baroda,BARB0AKHABA,,Akhabarnagar,Millenium Plaza Akhabarnagar Circle Nava Wadaj Ahmedabad Gujarat - 380013,1800223344.0,Ahmedabad,Ahmadabad,Gujarat,
Bank of Baroda,BARB0AKBABU,203012051,"Akbarpur BR, Bulandshahr, U.P","Bhood Chowraha, Akbarpur, Bulandshahar, Uttar Pradesh - 203001",1800223344.0,Akbarpur,Bulandshahr,Uttar Pradesh,
Bank of Baroda,BARB0AJUHAB,211012501,"Ajuha Bazar, Kaushambi, UP","G.T.Road, P.O.Ajuha Bazar, Kaushambi, Uttar Pradesh - 212215",1800223344.0,Ajuhwa Bazar,Kaushambi,Uttar Pradesh,
Bank of Baroda,BARB0AJABPU,,Ajabpur Kalan,Bank of Baroda Amber Arcade Mothro Road Dehradun Uttarakhand - 248001,1800223344.0,Dehradun,Dehradun,Uttarakhand,
Bank of Baroda,BARB0AHRABS,231012051,"Ahraura, UP","Chowk Bazar, Ahraura, Ro Varanasi, UP",1800223344.0,Ahraura,Mirzapur,Uttar Pradesh,
Bank of Baroda,BARB0AGRABS,282012009,"Kamla Nagar, Agra","D-504, Kamla Nagar, Agra - 282005",1800223344.0,Agra,Agra,Uttar Pradesh,
Bank of Baroda,BARB0ADILAB,,Adilabad,74 Girls High School Bhukthapur Adilabad Andhra Pradesh - 504001,1800223344.0,Adilabad,Adilabad,Andhra Pradesh,
Bank of Baroda,BARB0ADAJAB,482012004,"Adarsh Nagar, Jabalpur","Bank of Baroda, 2689-2690 Palipathar, Gwari Ghat, Narmada Road, Adarsh Nagar, Jabalpur, Madhya Pradesh - 482008",1800223344.0,Jabalpur,Jabalpur,Madhya Pradesh,
Bank of Baroda,BARB0ABUXXX,307012050,Mount Abu Sirohi,"Mt.Abu, Sirohi - 307501",1800223344.0,Mount Abu,Sirohi,Rajasthan,
Bank of Baroda,BARB0ABRSUR,,Abrama,"Abrama, Tal Kamrej, Surat, Gujarat - 394150",1800223344.0,Kamrej,Cuttack,Odisha,
Bank of Baroda,BARB0ABROAD,307012025,"Abu Road, Sirohi","Abu Road, Sirohi - 387026",1800223344.0,Abu Road,Sirohi,Rajasthan,
Bank of Baroda,BARB0ABRBUL,396012007,"Abrama BR., Valsad, Gujarat","No 16/2981 Dharampur Road, Valsad, Gujarat - 396001",1800223344.0,Bulsar,Valsad,Gujarat,
Bank of Baroda,BARB0ABRAMA,396012509,"Abrama, Navsari","AT Post Office :Abrama, Ta.:Jalalpore, Navsari, Gujarat - 396406",1800223344.0,Abrama,Navsari,Gujarat,
Bank of Baroda,BARB0ABOHAR,152012302,"Abohar, Ferozpur","St.No 9, Abohar Ferozpur - 152116",1800223344.0,Abohar,Ferozepur,Punjab,
Bank of Baroda,BARB0ABHAYK,,"Abhaykhand, Ghaziabad, Up","Mahalaxmi Square, C1 Abhay Khand-2, Indirapuram, Ghaziabad, Uttar Pradesh - 201010",1800223344.0,Ghaziabad,Ghaziabad,Uttar Pradesh,
Bank of Baroda,BARB0ABHANP,492012503,"Abhanpur, Raipur, Ch","Rajim Road, Near Bus Stand, Abhanpur, Raipur, Chhattisgarh - 497001",1800223344.0,Abhanpur,Raipur,Chandigarh,
Bank of Baroda,BARB0ABADAN,,Abadan,"AT Abadan, Post Office Chitres, Block Kakatpur, Puri, Orissa - 752108",1800223344.0,Kakatpur,Puri,Odisha,
Canara Bank,CNRB0006364,,Kukshi,"Canara Bank Khandwa Baroda Marg, Opp Hero Moto Corp Showroom Kukshi, Dhar Madhya Pradesh - 123",2766377.0,Kukshi,Dhar,Madhya Pradesh,CANARABANK
Canara Bank,CNRB0006088,464015101,Sironj,Canara Bank IN Front of Galla Mandi Bag Road Near Bank of Baroda Vidisha Sironj Madhya Pradesh - 464228,8989226950.0,Sironj,Vidisha,Madhya Pradesh,CANARABANK
Canara Bank,CNRB0005500,442015503,Deoli,Canara Bank Kirana Store Thakre Chowk Near Bank of Baroda Deoli,7774038332.0,Deoli,Wardha,Maharashtra,CANARABANK
Canara Bank,CNRB0003375,835015302,Khunti,"Canara Bank, Dak Banglow Road, Near Bank of Baroda, P.O. Khunti, Khunt - 835210",220020.0,Khunti,Ranchi,Jharkhand,CANARABANK
Canara Bank,CNRB0003033,322015075,Karauli,"Karauli (3033) Sataywati Vihar, Main Road, Gulab Bagh, Near Bank of Baroda, Karauli - 322241",220813.0,Karauli,Karauli,Rajasthan,CANARABANK
Dena Bank,BKDN0921692,,Saharasa,"Dena Bank, Saharsa Branch Purab Bazar, Bank of Baroda Saharsa, Bihar",7541808776.0,Saharsa,Saharsa,Bihar,DENABANK
Dena Bank,BKDN0731848,,Narayanagarh,"Ward No 12, Opp Bank of Baroda, NH Narayanagarh, Ambala, Haryana - 134203",9034781318.0,Naraingarh,Ambala,Haryana,DENABANK
Vijaya Bank,VIJB0007381,390029008,Harni Road Baroda Branch,"Harni Road Baroda Branch, Shop No 19, 20, 21, 25 TO 27, Nakshtra Shopping, Complex, Opp Indrapuri Society, Near Sangam, Ha, Vadodra, Gujarat",2460955.0,Vadodra,Vadodra,Gujarat,VIJAYABANK
Vijaya Bank,VIJB0007371,390029009,Vij Ajod Branch,"Vij Ajod Branch, Village Post Office Ajod, Taluk Baroda, Baroda, Vadodara, Ajod, Gujarat",,"Ajod, Gujarat","Ajod, Gujarat",Gujarat,VIJAYABANK
Vijaya Bank,VIJB0007360,390029007,Manjusar,"Manjusar, Shop No A-15, 16, 17&18, Tower, Gidc, Baroda Savli Rd, Gujarat",,"Manjusar, Gujarat","Manjusar, Gujarat",Gujarat,VIJAYABANK
Vijaya Bank,VIJB0007327,390029004,Station Road Baroda,"Station Road Baroda, Haribhakti House, Opp Kalagodha Circle, Baroda, Gujarat",2362268.0,Baroda,Baroda,Gujarat,VIJAYABANK
Vijaya Bank,VIJB0007318,390029006,Sayajipura Baroda,"Sayajipura Baroda, Ajwa Road, Near Panchayat Office, Baroda, Gujarat",2562287.0,Baroda,Baroda,Gujarat,VIJAYABANK
Vijaya Bank,VIJB0007309,390029003,Alkapuri Baroda,"Alkapuri Baroda, Chambers, Dutt Road, Baroda, Gujarat",2331079.0,Baroda,Baroda,Gujarat,VIJAYABANK
Vijaya Bank,VIJB0007303,390029002,Raopura Road Baroda,"Raopura Road Baroda, Kadmabam, Opp Govt. Press Kothi Road, Baroda, Gujarat",2410086.0,Baroda,Baroda,Gujarat,VIJAYABANK
Vijaya Bank,VIJB0007022,,Wazirpur -Rajasthan,"Wazirpur -Rajasthan, Kund KE Pass, Near Bank of Baroda, Tehsil-Gangapur City, Wazirpur, Rajasthan, Rajasthan",226060.0,"Wazirpur, Rajasthan","Wazirpur, Rajasthan",Rajasthan,VIJAYABANK
Vijaya Bank,VIJB0006913,,Songarh,"Main Road, Besides Bank 0Of Baroda - 391670",,Songadh,Tapi,Gujarat,VIJAYABANK
